{"stats":{"minecraft:killed_by":{"minecraft:player":1},"minecraft:used":{"naturalist:dragonfly_spawn_egg":1,"alexsmobs:spawn_egg_bone_serpent":3,"alexsmobs:spawn_egg_tasmanian_devil":1,"alexsmobs:animal_dictionary":2,"minecraft:mule_spawn_egg":1,"alexsmobs:spawn_egg_hammerhead_shark":2,"enemyexpansion:scorpion_spawn_egg":1,"minecraft:allay_spawn_egg":1,"eeeabsmobs:guardian_axe":3,"born_in_chaos_v1:decaying_zombie_not_despawn_spawn_egg":2},"minecraft:picked_up":{"minecraft:rotten_flesh":2,"minecraft:wooden_pickaxe":1},"minecraft:custom":{"minecraft:time_since_rest":1,"minecraft:crouch_one_cm":478,"minecraft:deaths":1,"minecraft:play_time":9133,"minecraft:sprint_one_cm":9480,"tombstone:undead_killed":1,"minecraft:damage_taken":245,"minecraft:walk_one_cm":18263,"minecraft:sneak_time":243,"minecraft:walk_under_water_one_cm":5949,"minecraft:mob_kills":1,"minecraft:jump":77,"minecraft:damage_dealt":402,"minecraft:time_since_death":1168,"minecraft:walk_on_water_one_cm":8332,"minecraft:total_world_time":9133,"minecraft:fly_one_cm":22568,"minecraft:interact_with_crafting_table":1,"minecraft:fall_one_cm":836},"minecraft:killed":{"born_in_chaos_v1:decrepit_skeleton":1}},"DataVersion":3465}