{"stats":{"minecraft:killed_by":{"minecraft:player":1},"minecraft:used":{"naturalist:dragonfly_spawn_egg":1,"alexsmobs:spawn_egg_blue_jay":149,"alexsmobs:spawn_egg_fly":1,"minecraft:netherite_sword":23,"iceandfire:spawn_egg_ice_dragon":1,"iceandfire:dragonbone_sword_fire":16,"alexsmobs:spawn_egg_grizzly_bear":2,"alexsmobs:spawn_egg_hummingbird":1,"quark:pickarang":5,"aether:flaming_sword":30,"alexsmobs:spawn_egg_sunbird":1,"minecraft:axolotl_spawn_egg":1,"minecraft:cat_spawn_egg":1,"minecraft:blaze_spawn_egg":1,"alexsmobs:spawn_egg_orca":1,"minecraft:bee_spawn_egg":1,"alexsmobs:spawn_egg_bone_serpent":6,"iceandfire:spawn_egg_lightning_dragon":4,"alexsmobs:spawn_egg_crocodile":1,"alexsmobs:spawn_egg_tasmanian_devil":1,"alexsmobs:spawn_egg_gazelle":1,"alexsmobs:spawn_egg_roadrunner":1,"minecraft:cave_spider_spawn_egg":1,"minecraft:mule_spawn_egg":1,"alexsmobs:animal_dictionary":2,"minecraft:camel_spawn_egg":2,"iceandfire:dragonegg_red":3,"iceandfire:spawn_egg_fire_dragon":3,"alexsmobs:spawn_egg_hammerhead_shark":2,"enemyexpansion:scorpion_spawn_egg":1,"minecraft:allay_spawn_egg":2,"eeeabsmobs:guardian_axe":3,"born_in_chaos_v1:decaying_zombie_not_despawn_spawn_egg":2,"born_in_chaos_v1:decrepit_skeleton_spawn_egg":2,"minecraft:bat_spawn_egg":1},"minecraft:picked_up":{"minecraft:birch_log":1,"minecraft:wooden_pickaxe":1,"minecraft:oak_stairs":2,"minecraft:gravel":1,"alexsmobs:spawn_egg_blue_jay":1,"minecraft:rotten_flesh":2,"born_in_chaos_v1:wood_splitter_axe":1,"minecraft:wheat_seeds":1,"iceandfire:dragonbone_sword_fire":1,"quark:pickarang":1},"minecraft:dropped":{"minecraft:gravel":1,"born_in_chaos_v1:wood_splitter_axe":1,"iceandfire:dragonegg_red":1,"naturalist:dragonfly_spawn_egg":1,"tombstone:gift":1,"iceandfire:dragonbone_sword_fire":1,"iceandfire:spawn_egg_ice_dragon":1,"iceandfire:spawn_egg_lightning_dragon":1,"minecraft:wooden_pickaxe":1,"minecraft:birch_log":1,"alexsmobs:spawn_egg_blue_jay":2,"aether:flaming_sword":1,"quark:pickarang":1},"minecraft:custom":{"minecraft:time_since_rest":12532,"minecraft:sprint_one_cm":25027,"minecraft:damage_taken":455,"minecraft:walk_one_cm":57655,"minecraft:mob_kills":1,"minecraft:drop":14,"minecraft:damage_dealt":1304,"minecraft:swim_one_cm":249,"minecraft:interact_with_crafting_table":1,"minecraft:fly_one_cm":156167,"minecraft:crouch_one_cm":887,"minecraft:play_time":22490,"tombstone:undead_killed":1,"minecraft:deaths":1,"minecraft:sneak_time":686,"minecraft:walk_under_water_one_cm":8015,"minecraft:jump":156,"minecraft:leave_game":1,"minecraft:walk_on_water_one_cm":8798,"minecraft:time_since_death":14525,"minecraft:total_world_time":22490,"minecraft:fall_one_cm":1061},"minecraft:killed":{"born_in_chaos_v1:decrepit_skeleton":1}},"DataVersion":3465}