{"stats":{"minecraft:used":{"minecraft:oak_log":4,"minecraft:water_bucket":5,"minecraft:wooden_axe":13,"born_in_chaos_v1:senor_pumpkin_spawn_egg":1,"minecraft:flint_and_steel":1,"born_in_chaos_v1:scarlet_persecutor_spawn_egg":1,"minecraft:wooden_pickaxe":7,"born_in_chaos_v1:spawn_structures_dark_tower":1,"born_in_chaos_v1:baby_skeleton_spawn_egg":1,"born_in_chaos_v1:nightmare_scythe":34,"born_in_chaos_v1:bonescaller_spawn_egg":2,"born_in_chaos_v1:firelight_spawn_egg":1,"minecraft:dirt":8,"iceandfire:spawn_egg_lightning_dragon":1,"minecraft:crafting_table":1,"iceandfire:dragonegg_white":4,"alexsmobs:animal_dictionary":2,"born_in_chaos_v1:restless_spirit_spawn_egg":1,"eeeabsmobs:guardian_axe":1},"minecraft:crafted":{"minecraft:oak_planks":20,"minecraft:crafting_table":1,"minecraft:stick":4,"minecraft:wooden_pickaxe":1,"minecraft:wooden_axe":1},"minecraft:picked_up":{"minecraft:wooden_axe":1,"born_in_chaos_v1:staffof_magic_arrows":1,"minecraft:feather":8,"iceandfire:dragonbone":2,"born_in_chaos_v1:shattered_skull":1,"iceandfire:dragonegg_white":1,"minecraft:gravel":2,"iceandfire:lightning_dragon_flesh":2,"minecraft:oak_log":9,"iceandfire:lightning_dragon_heart":1,"minecraft:bone":2,"minecraft:rotten_flesh":1,"born_in_chaos_v1:fire_dust":1,"iceandfire:dragonscales_amythest":14,"minecraft:cobblestone":6},"minecraft:dropped":{"minecraft:wooden_axe":1,"minecraft:wooden_pickaxe":1},"minecraft:custom":{"minecraft:time_since_rest":21587,"minecraft:sprint_one_cm":34742,"minecraft:damage_taken":190,"minecraft:walk_one_cm":67533,"minecraft:mob_kills":23,"minecraft:drop":2,"minecraft:damage_dealt":2705,"minecraft:swim_one_cm":7754,"minecraft:interact_with_crafting_table":1,"minecraft:fly_one_cm":79281,"minecraft:player_kills":1,"minecraft:open_chest":2,"minecraft:crouch_one_cm":102,"minecraft:play_time":21587,"tombstone:undead_killed":3,"minecraft:sneak_time":261,"minecraft:walk_under_water_one_cm":591,"tombstone:tomb_raiding":1,"minecraft:jump":185,"minecraft:damage_dealt_resisted":1745,"minecraft:time_since_death":21587,"minecraft:walk_on_water_one_cm":8527,"minecraft:total_world_time":21587,"minecraft:fall_one_cm":691},"minecraft:killed":{"born_in_chaos_v1:bonescaller":1,"alexsmobs:blue_jay":13,"minecraft:spider":1,"iceandfire:ice_dragon":1,"alexsmobs:hammerhead_shark":1,"iceandfire:lightning_dragon":1,"alexsmobs:tasmanian_devil":1,"born_in_chaos_v1:baby_skeleton_minion":1,"mowziesmobs:naga":1,"born_in_chaos_v1:decrepit_skeleton":1},"minecraft:mined":{"minecraft:oak_log":9,"minecraft:stone":6,"minecraft:oak_leaves":3}},"DataVersion":3465}